tank,tray,Popn,temp,ph,condition,treatment,id,height_t0_mm,height_t37_mm,shell_total_mg,body_dry_mg,cond_ratio
R1,Fr01,FRA,13,ctrl,13_ctrl,FRA_13_ctrl,Fr01_1,6.79,9.89,39.1,1.4,0.0358
R1,Fr01,FRA,13,ctrl,13_ctrl,FRA_13_ctrl,Fr01_2,7.643,10.604,48.1,1.8,0.0374
R1,Fr01,FRA,13,ctrl,13_ctrl,FRA_13_ctrl,Fr01_3,7.187,9.469,32.2,1.3,0.0404
R1,Fr01,FRA,13,ctrl,13_ctrl,FRA_13_ctrl,Fr01_4,5.768,8.572,24.6,0.9,0.0366
R1,Fr01,FRA,13,ctrl,13_ctrl,FRA_13_ctrl,Fr01_5,3.874,6.951,10.4,0.4,0.0385
R1,Fr01,FRA,13,ctrl,13_ctrl,FRA_13_ctrl,Fr01_6,5.924,8.28,19.7,0.8,0.0406
R1,Fr01,FRA,13,ctrl,13_ctrl,FRA_13_ctrl,Fr01_7,5.424,8.112,19.4,0.7,0.0361
R1,Fr01,FRA,13,ctrl,13_ctrl,FRA_13_ctrl,Fr01_8,6.155,6.722,11.5,0.3,0.0261
R1,Fr01,FRA,13,ctrl,13_ctrl,FRA_13_ctrl,Fr01_9,5.21,8.018,18.4,0.7,0.0380
R1,Fr01,FRA,13,ctrl,13_ctrl,FRA_13_ctrl,Fr01_10,6.412,9.045,30.7,1.2,0.0391
R1,Fr01,FRA,13,ctrl,13_ctrl,FRA_13_ctrl,Fr01_11,5.264,8.733,24.4,0.9,0.0369
R1,Fr01,FRA,13,ctrl,13_ctrl,FRA_13_ctrl,Fr01_12,6.442,9.297,30.8,1.2,0.0390
R1,Fr02,FRA,13,ctrl,13_ctrl,FRA_13_ctrl,Fr02_1,7.156,10.44,47.6,1.9,0.0399
R1,Fr02,FRA,13,ctrl,13_ctrl,FRA_13_ctrl,Fr02_2,8.154,10.164,40,2.1,0.0525
R1,Fr02,FRA,13,ctrl,13_ctrl,FRA_13_ctrl,Fr02_3,5.766,9.172,31.1,1.4,0.0450
R1,Fr02,FRA,13,ctrl,13_ctrl,FRA_13_ctrl,Fr02_4,6.686,9.765,41.8,1.8,0.0431
R1,Fr02,FRA,13,ctrl,13_ctrl,FRA_13_ctrl,Fr02_5,6.088,9.113,17.3,0.7,0.0405
R1,Fr02,FRA,13,ctrl,13_ctrl,FRA_13_ctrl,Fr02_6,6.602,8.895,24.7,1.1,0.0445
R1,Fr02,FRA,13,ctrl,13_ctrl,FRA_13_ctrl,Fr02_7,6.4,8.468,21.9,1.1,0.0502
R1,Fr02,FRA,13,ctrl,13_ctrl,FRA_13_ctrl,Fr02_8,5.636,9.02,25.7,1.2,0.0467
R1,Fr02,FRA,13,ctrl,13_ctrl,FRA_13_ctrl,Fr02_9,5.077,9.224,25.7,1.1,0.0428
R1,Fr02,FRA,13,ctrl,13_ctrl,FRA_13_ctrl,Fr02_10,6.25,8.952,27.2,0.9,0.0331
R1,Fr02,FRA,13,ctrl,13_ctrl,FRA_13_ctrl,Fr02_11,6.899,9.035,31,1.4,0.0452
R1,Fr02,FRA,13,ctrl,13_ctrl,FRA_13_ctrl,Fr02_12,5.602,9.381,30.8,1.4,0.0455
R1,Fr03,FRA,13,ctrl,13_ctrl,FRA_13_ctrl,Fr03_1,5.887,8.723,24.5,1.2,0.0490
R1,Fr03,FRA,13,ctrl,13_ctrl,FRA_13_ctrl,Fr03_2,5.836,10.103,48.5,2.3,0.0474
R1,Fr03,FRA,13,ctrl,13_ctrl,FRA_13_ctrl,Fr03_3,6.08,9.943,32.7,1.6,0.0489
R1,Fr03,FRA,13,ctrl,13_ctrl,FRA_13_ctrl,Fr03_4,6.129,10.137,43.5,1.8,0.0414
R1,Fr03,FRA,13,ctrl,13_ctrl,FRA_13_ctrl,Fr03_5,4.846,9.263,34.1,1.3,0.0381
R1,Fr03,FRA,13,ctrl,13_ctrl,FRA_13_ctrl,Fr03_6,4.994,9.628,34.2,1.3,0.0380
R1,Fr03,FRA,13,ctrl,13_ctrl,FRA_13_ctrl,Fr03_7,5.187,8.766,25,1,0.0400
R1,Fr03,FRA,13,ctrl,13_ctrl,FRA_13_ctrl,Fr03_8,5.75,9.408,34.6,1.5,0.0434
R1,Fr03,FRA,13,ctrl,13_ctrl,FRA_13_ctrl,Fr03_9,4.731,7.656,16.1,0.7,0.0435
R1,Fr03,FRA,13,ctrl,13_ctrl,FRA_13_ctrl,Fr03_10,5.696,9.639,36.2,1.7,0.0470
R1,Fr03,FRA,13,ctrl,13_ctrl,FRA_13_ctrl,Fr03_11,6.069,8.673,25.8,1.1,0.0426
R1,Fr03,FRA,13,ctrl,13_ctrl,FRA_13_ctrl,Fr03_12,6.641,8.993,26.9,0.9,0.0335
R2,Fr04,FRA,13,low,13_low,FRA_13_low,Fr04_1,6.469,8.276,23,1.4,0.0609
R2,Fr04,FRA,13,low,13_low,FRA_13_low,Fr04_2,6.212,9.773,35.4,1.9,0.0537
R2,Fr04,FRA,13,low,13_low,FRA_13_low,Fr04_3,5.862,8.871,27,1.4,0.0519
R2,Fr04,FRA,13,low,13_low,FRA_13_low,Fr04_4,5.818,9.664,35.9,1.9,0.0529
R2,Fr04,FRA,13,low,13_low,FRA_13_low,Fr04_5,5.686,9.354,28.5,1.5,0.0526
R2,Fr04,FRA,13,low,13_low,FRA_13_low,Fr04_6,6.991,10.225,46.3,2.2,0.0475
R2,Fr04,FRA,13,low,13_low,FRA_13_low,Fr04_7,5.279,8.345,19.1,1.1,0.0576
R2,Fr04,FRA,13,low,13_low,FRA_13_low,Fr04_8,4.906,8.577,20.8,0.8,0.0385
R2,Fr04,FRA,13,low,13_low,FRA_13_low,Fr04_9,5.188,8.621,23.7,1.4,0.0591
R2,Fr04,FRA,13,low,13_low,FRA_13_low,Fr04_11,4.864,8.383,20.3,1,0.0493
R2,Fr04,FRA,13,low,13_low,FRA_13_low,Fr04_12,7.223,9.128,28.8,1.4,0.0486
R2,Fr05,FRA,13,low,13_low,FRA_13_low,Fr05_1,5.728,8.808,26.4,1.2,0.0455
R2,Fr05,FRA,13,low,13_low,FRA_13_low,Fr05_2,6.751,9.927,35.4,1.6,0.0452
R2,Fr05,FRA,13,low,13_low,FRA_13_low,Fr05_3,7.132,8.696,24.8,1.4,0.0565
R2,Fr05,FRA,13,low,13_low,FRA_13_low,Fr05_4,5.967,9.247,32.6,1.6,0.0491
R2,Fr05,FRA,13,low,13_low,FRA_13_low,Fr05_5,5.526,9.267,28.5,1.7,0.0596
R2,Fr05,FRA,13,low,13_low,FRA_13_low,Fr05_6,7.127,9.53,38.9,1.8,0.0463
R2,Fr05,FRA,13,low,13_low,FRA_13_low,Fr05_7,6.091,9.061,32.2,1,0.0311
R2,Fr05,FRA,13,low,13_low,FRA_13_low,Fr05_8,5.554,8.536,24,1.1,0.0458
R2,Fr05,FRA,13,low,13_low,FRA_13_low,Fr05_9,5.305,9.557,25.9,1.5,0.0579
R2,Fr05,FRA,13,low,13_low,FRA_13_low,Fr05_10,5.037,8.669,21.8,1.1,0.0505
R2,Fr05,FRA,13,low,13_low,FRA_13_low,Fr05_11,5.265,8.976,28.5,1.4,0.0491
R2,Fr05,FRA,13,low,13_low,FRA_13_low,Fr05_12,7.441,9.708,34.8,1.5,0.0431
R2,Fr06,FRA,13,low,13_low,FRA_13_low,Fr06_1,5.591,9.898,38.2,1.5,0.0393
R2,Fr06,FRA,13,low,13_low,FRA_13_low,Fr06_2,7.393,10.625,47.1,2.3,0.0488
R2,Fr06,FRA,13,low,13_low,FRA_13_low,Fr06_4,6.112,11.249,59.5,2.7,0.0454
R2,Fr06,FRA,13,low,13_low,FRA_13_low,Fr06_5,4.729,8.761,25.4,1.1,0.0433
R2,Fr06,FRA,13,low,13_low,FRA_13_low,Fr06_6,6.897,10.643,51,1.9,0.0373
R2,Fr06,FRA,13,low,13_low,FRA_13_low,Fr06_7,6.911,10.003,40.5,2,0.0494
R2,Fr06,FRA,13,low,13_low,FRA_13_low,Fr06_8,7.073,10.234,41.2,2,0.0485
R2,Fr06,FRA,13,low,13_low,FRA_13_low,Fr06_9,5.333,9.006,26.3,1.3,0.0494
R2,Fr06,FRA,13,low,13_low,FRA_13_low,Fr06_10,5.117,9.476,33,1.4,0.0424
R2,Fr06,FRA,13,low,13_low,FRA_13_low,Fr06_11,5.318,8.749,25.5,1.3,0.0510
R2,Fr06,FRA,13,low,13_low,FRA_13_low,Fr06_12,7.708,9.193,32.1,1.5,0.0467
R3,Fr07,FRA,16,ctrl,16_ctrl,FRA_16_ctrl,Fr07_1,4.296,8.029,19.7,0.9,0.0457
R3,Fr07,FRA,16,ctrl,16_ctrl,FRA_16_ctrl,Fr07_2,6.872,9.744,36.7,1.5,0.0409
R3,Fr07,FRA,16,ctrl,16_ctrl,FRA_16_ctrl,Fr07_3,7.696,10.164,46.5,2.1,0.0452
R3,Fr07,FRA,16,ctrl,16_ctrl,FRA_16_ctrl,Fr07_4,8.036,10.337,42.6,2,0.0469
R3,Fr07,FRA,16,ctrl,16_ctrl,FRA_16_ctrl,Fr07_5,5.234,9.641,35,1.5,0.0429
R3,Fr07,FRA,16,ctrl,16_ctrl,FRA_16_ctrl,Fr07_6,8.317,11.809,74.7,3.2,0.0428
R3,Fr07,FRA,16,ctrl,16_ctrl,FRA_16_ctrl,Fr07_7,6.025,9.085,24.8,1,0.0403
R3,Fr07,FRA,16,ctrl,16_ctrl,FRA_16_ctrl,Fr07_8,7.481,10.309,50.2,1.8,0.0359
R3,Fr07,FRA,16,ctrl,16_ctrl,FRA_16_ctrl,Fr07_9,6.086,10.397,46.4,1.6,0.0345
R3,Fr07,FRA,16,ctrl,16_ctrl,FRA_16_ctrl,Fr07_10,7.597,10.345,42.3,1.7,0.0402
R3,Fr07,FRA,16,ctrl,16_ctrl,FRA_16_ctrl,Fr07_11,5.399,9.341,32.2,1.4,0.0435
R3,Fr07,FRA,16,ctrl,16_ctrl,FRA_16_ctrl,Fr07_12,6.598,10.677,44.9,1.8,0.0401
R3,Fr08,FRA,16,ctrl,16_ctrl,FRA_16_ctrl,Fr08_1,5.062,9.153,29.2,1.2,0.0411
R3,Fr08,FRA,16,ctrl,16_ctrl,FRA_16_ctrl,Fr08_2,8.114,9.611,47.1,0.7,0.0149
R3,Fr08,FRA,16,ctrl,16_ctrl,FRA_16_ctrl,Fr08_3,6.76,10.52,50.7,0.1,0.0020
R3,Fr08,FRA,16,ctrl,16_ctrl,FRA_16_ctrl,Fr08_4,6.528,11.526,65.5,2.6,0.0397
R3,Fr08,FRA,16,ctrl,16_ctrl,FRA_16_ctrl,Fr08_5,6.182,8.221,20.8,1,0.0481
R3,Fr08,FRA,16,ctrl,16_ctrl,FRA_16_ctrl,Fr08_7,6.769,9.927,34.9,1.4,0.0401
R3,Fr08,FRA,16,ctrl,16_ctrl,FRA_16_ctrl,Fr08_8,6.109,11.961,77.3,2.8,0.0362
R3,Fr08,FRA,16,ctrl,16_ctrl,FRA_16_ctrl,Fr08_9,7.335,8.96,30.3,1.1,0.0363
R3,Fr08,FRA,16,ctrl,16_ctrl,FRA_16_ctrl,Fr08_10,6.4,9.872,39,1.6,0.0410
R3,Fr08,FRA,16,ctrl,16_ctrl,FRA_16_ctrl,Fr08_11,7.775,10.659,55,2.2,0.0400
R3,Fr08,FRA,16,ctrl,16_ctrl,FRA_16_ctrl,Fr08_12,6.507,9.368,32.4,1.3,0.0401
R3,Fr09,FRA,16,ctrl,16_ctrl,FRA_16_ctrl,Fr09_1,8.125,9.789,35.2,1.2,0.0341
R3,Fr09,FRA,16,ctrl,16_ctrl,FRA_16_ctrl,Fr09_2,5.629,9.949,42.3,1.7,0.0402
R3,Fr09,FRA,16,ctrl,16_ctrl,FRA_16_ctrl,Fr09_3,6.134,10.35,40.7,1.7,0.0418
R3,Fr09,FRA,16,ctrl,16_ctrl,FRA_16_ctrl,Fr09_4,4.805,9.556,33,1.3,0.0394
R3,Fr09,FRA,16,ctrl,16_ctrl,FRA_16_ctrl,Fr09_5,5.066,9.139,28.1,1.2,0.0427
R3,Fr09,FRA,16,ctrl,16_ctrl,FRA_16_ctrl,Fr09_6,6.778,8.625,27.2,0.9,0.0331
R3,Fr09,FRA,16,ctrl,16_ctrl,FRA_16_ctrl,Fr09_7,5.616,8.491,21.1,0.8,0.0379
R3,Fr09,FRA,16,ctrl,16_ctrl,FRA_16_ctrl,Fr09_8,4.495,7.735,13.9,0.7,0.0504
R3,Fr09,FRA,16,ctrl,16_ctrl,FRA_16_ctrl,Fr09_9,7.809,10.323,40.8,1.6,0.0392
R3,Fr09,FRA,16,ctrl,16_ctrl,FRA_16_ctrl,Fr09_10,7.025,9.276,36,1.3,0.0361
R3,Fr09,FRA,16,ctrl,16_ctrl,FRA_16_ctrl,Fr09_11,6.507,8.183,22.5,1.3,0.0578
R3,Fr09,FRA,16,ctrl,16_ctrl,FRA_16_ctrl,Fr09_12,6.426,8.005,20.2,0.7,0.0347
R4,Fr10,FRA,16,low,16_low,FRA_16_low,Fr10_1,5.614,10.382,44.9,1.7,0.0379
R4,Fr10,FRA,16,low,16_low,FRA_16_low,Fr10_2,6.085,10.798,47.5,2.2,0.0463
R4,Fr10,FRA,16,low,16_low,FRA_16_low,Fr10_3,6.317,9.746,37.6,1.8,0.0479
R4,Fr10,FRA,16,low,16_low,FRA_16_low,Fr10_4,7.733,10.466,52.6,2.1,0.0399
R4,Fr10,FRA,16,low,16_low,FRA_16_low,Fr10_5,6.592,8.425,22.2,1.3,0.0586
R4,Fr10,FRA,16,low,16_low,FRA_16_low,Fr10_6,5.845,9.679,33.2,1.7,0.0512
R4,Fr10,FRA,16,low,16_low,FRA_16_low,Fr10_7,5.524,8.377,17.2,0.8,0.0465
R4,Fr10,FRA,16,low,16_low,FRA_16_low,Fr10_8,6.658,9.983,44.6,1.8,0.0404
R4,Fr10,FRA,16,low,16_low,FRA_16_low,Fr10_9,5.539,7.619,16.8,0.8,0.0476
R4,Fr10,FRA,16,low,16_low,FRA_16_low,Fr10_10,6.674,8.858,27.3,1.4,0.0513
R4,Fr10,FRA,16,low,16_low,FRA_16_low,Fr10_12,7.742,9.99,41.4,1.8,0.0435
R4,Fr11,FRA,16,low,16_low,FRA_16_low,Fr11_1,5.484,9.315,30.2,1.1,0.0364
R4,Fr11,FRA,16,low,16_low,FRA_16_low,Fr11_2,6.196,9.263,30.2,1.5,0.0497
R4,Fr11,FRA,16,low,16_low,FRA_16_low,Fr11_3,8.032,10.015,35.6,1.7,0.0478
R4,Fr11,FRA,16,low,16_low,FRA_16_low,Fr11_4,8.728,10.355,42.5,1.6,0.0376
R4,Fr11,FRA,16,low,16_low,FRA_16_low,Fr11_5,8.205,11.769,71.8,2.8,0.0390
R4,Fr11,FRA,16,low,16_low,FRA_16_low,Fr11_6,8.014,10.734,45.2,11.8,0.2611
R4,Fr11,FRA,16,low,16_low,FRA_16_low,Fr11_7,7.008,10.048,40.5,1.5,0.0370
R4,Fr11,FRA,16,low,16_low,FRA_16_low,Fr11_8,6.064,9.696,33.6,1.5,0.0446
R4,Fr11,FRA,16,low,16_low,FRA_16_low,Fr11_9,6.142,9.598,33.9,11.6,0.3422
R4,Fr11,FRA,16,low,16_low,FRA_16_low,Fr11_10,6.655,9.926,38.3,1.7,0.0444
R4,Fr11,FRA,16,low,16_low,FRA_16_low,Fr11_11,7.418,9.338,36,1.4,0.0389
R4,Fr11,FRA,16,low,16_low,FRA_16_low,Fr11_12,6.778,9.091,28.2,1.3,0.0461
R4,Fr12,FRA,16,low,16_low,FRA_16_low,Fr12_1,6.323,9.53,34.7,1.6,0.0461
R4,Fr12,FRA,16,low,16_low,FRA_16_low,Fr12_2,6.781,10.185,43.8,1.9,0.0434
R4,Fr12,FRA,16,low,16_low,FRA_16_low,Fr12_3,5.214,9.848,42.7,1.7,0.0398
R4,Fr12,FRA,16,low,16_low,FRA_16_low,Fr12_4,6.525,11.723,69.6,2.7,0.0388
R4,Fr12,FRA,16,low,16_low,FRA_16_low,Fr12_5,8.099,12.036,78.8,3.2,0.0406
R4,Fr12,FRA,16,low,16_low,FRA_16_low,Fr12_6,6.468,10.096,36.6,1.8,0.0492
R4,Fr12,FRA,16,low,16_low,FRA_16_low,Fr12_7,7.174,11.785,74.5,3.1,0.0416
R4,Fr12,FRA,16,low,16_low,FRA_16_low,Fr12_8,4.63,8.273,23.3,1.2,0.0515
R4,Fr12,FRA,16,low,16_low,FRA_16_low,Fr12_9,7.253,11.69,61.9,2.6,0.0420
R4,Fr12,FRA,16,low,16_low,FRA_16_low,Fr12_10,5.828,10.563,49.3,2.2,0.0446
R4,Fr12,FRA,16,low,16_low,FRA_16_low,Fr12_11,5.009,10.192,45.2,1.9,0.0420
R4,Fr12,FRA,16,low,16_low,FRA_16_low,Fr12_12,4.9,8.841,29.1,1.3,0.0447
R5,Fr13,FRA,19,ctrl,19_ctrl,FRA_19_ctrl,Fr13_2,6.328,9.74,40,1.5,0.0375
R5,Fr13,FRA,19,ctrl,19_ctrl,FRA_19_ctrl,Fr13_3,7.287,10.308,56.4,1.7,0.0301
R5,Fr13,FRA,19,ctrl,19_ctrl,FRA_19_ctrl,Fr13_5,5.889,9.802,40.2,1.7,0.0423
R5,Fr13,FRA,19,ctrl,19_ctrl,FRA_19_ctrl,Fr13_6,7.14,9.355,36,1.3,0.0361
R5,Fr13,FRA,19,ctrl,19_ctrl,FRA_19_ctrl,Fr13_7,6.564,9.682,40.6,1.3,0.0320
R5,Fr13,FRA,19,ctrl,19_ctrl,FRA_19_ctrl,Fr13_8,7.816,9.997,46.5,1.7,0.0366
R5,Fr13,FRA,19,ctrl,19_ctrl,FRA_19_ctrl,Fr13_9,4.578,8.179,20.4,0.6,0.0294
R5,Fr13,FRA,19,ctrl,19_ctrl,FRA_19_ctrl,Fr13_10,5.658,8.142,22,0.9,0.0409
R5,Fr13,FRA,19,ctrl,19_ctrl,FRA_19_ctrl,Fr13_11,6.052,9.362,31.9,1.2,0.0376
R5,Fr13,FRA,19,ctrl,19_ctrl,FRA_19_ctrl,Fr13_12,6.505,9.406,38.5,1.3,0.0338
R5,Fr14,FRA,19,ctrl,19_ctrl,FRA_19_ctrl,Fr14_1,5.602,8.941,31.5,1.2,0.0381
R5,Fr14,FRA,19,ctrl,19_ctrl,FRA_19_ctrl,Fr14_2,5.055,10.093,46.7,2,0.0428
R5,Fr14,FRA,19,ctrl,19_ctrl,FRA_19_ctrl,Fr14_3,6.047,10.045,40.4,1.6,0.0396
R5,Fr14,FRA,19,ctrl,19_ctrl,FRA_19_ctrl,Fr14_4,5.471,9.019,30.1,1.1,0.0365
R5,Fr14,FRA,19,ctrl,19_ctrl,FRA_19_ctrl,Fr14_5,4.848,10.111,39.7,1.5,0.0378
R5,Fr14,FRA,19,ctrl,19_ctrl,FRA_19_ctrl,Fr14_6,6.65,10.56,55.1,2.2,0.0399
R5,Fr14,FRA,19,ctrl,19_ctrl,FRA_19_ctrl,Fr14_7,5.483,9.926,38.8,1.4,0.0361
R5,Fr14,FRA,19,ctrl,19_ctrl,FRA_19_ctrl,Fr14_8,7.171,11.469,65.5,2.6,0.0397
R5,Fr14,FRA,19,ctrl,19_ctrl,FRA_19_ctrl,Fr14_9,5.562,10.06,44.5,1.9,0.0427
R5,Fr14,FRA,19,ctrl,19_ctrl,FRA_19_ctrl,Fr14_10,6.385,10.059,47.9,1.5,0.0313
R5,Fr14,FRA,19,ctrl,19_ctrl,FRA_19_ctrl,Fr14_11,4.833,8.383,23.1,1.1,0.0476
R5,Fr14,FRA,19,ctrl,19_ctrl,FRA_19_ctrl,Fr14_12,4.442,9.934,38.1,1.5,0.0394
R5,Fr15,FRA,19,ctrl,19_ctrl,FRA_19_ctrl,Fr15_2,6.521,9.641,42,1.6,0.0381
R5,Fr15,FRA,19,ctrl,19_ctrl,FRA_19_ctrl,Fr15_3,6.971,9.686,43.9,1.3,0.0296
R5,Fr15,FRA,19,ctrl,19_ctrl,FRA_19_ctrl,Fr15_4,5.945,9.383,33.2,1.3,0.0392
R5,Fr15,FRA,19,ctrl,19_ctrl,FRA_19_ctrl,Fr15_5,6.656,8.841,26.4,0.9,0.0341
R5,Fr15,FRA,19,ctrl,19_ctrl,FRA_19_ctrl,Fr15_6,5.558,9.21,34.6,1.4,0.0405
R5,Fr15,FRA,19,ctrl,19_ctrl,FRA_19_ctrl,Fr15_7,6.857,9.921,34.5,1.5,0.0435
R5,Fr15,FRA,19,ctrl,19_ctrl,FRA_19_ctrl,Fr15_8,6.898,10.043,44.5,1.7,0.0382
R5,Fr15,FRA,19,ctrl,19_ctrl,FRA_19_ctrl,Fr15_9,3.97,8.889,27.3,1.1,0.0403
R5,Fr15,FRA,19,ctrl,19_ctrl,FRA_19_ctrl,Fr15_10,4.892,9.328,30.9,1.4,0.0453
R5,Fr15,FRA,19,ctrl,19_ctrl,FRA_19_ctrl,Fr15_11,5.44,9.019,26.1,1.1,0.0421
R5,Fr15,FRA,19,ctrl,19_ctrl,FRA_19_ctrl,Fr15_12,6.859,9.341,31.9,1.2,0.0376
R6,Fr16,FRA,19,low,19_low,FRA_19_low,Fr16_1,5.44,9.882,31.7,1.3,0.0410
R6,Fr16,FRA,19,low,19_low,FRA_19_low,Fr16_2,4.442,10.029,38.6,1.5,0.0389
R6,Fr16,FRA,19,low,19_low,FRA_19_low,Fr16_3,5.306,8.7,24.2,1.1,0.0455
R6,Fr16,FRA,19,low,19_low,FRA_19_low,Fr16_4,5.413,9.883,39,1.5,0.0385
R6,Fr16,FRA,19,low,19_low,FRA_19_low,Fr16_5,5.184,8.72,21.9,1.1,0.0502
R6,Fr16,FRA,19,low,19_low,FRA_19_low,Fr16_6,8.376,10.899,50.9,2,0.0393
R6,Fr16,FRA,19,low,19_low,FRA_19_low,Fr16_7,5.498,8.466,24.6,1,0.0407
R6,Fr16,FRA,19,low,19_low,FRA_19_low,Fr16_8,5.865,9.78,41.3,1.7,0.0412
R6,Fr16,FRA,19,low,19_low,FRA_19_low,Fr16_10,4.78,9.923,37.4,1.6,0.0428
R6,Fr16,FRA,19,low,19_low,FRA_19_low,Fr16_11,5.981,9.197,33.2,1.3,0.0392
R6,Fr16,FRA,19,low,19_low,FRA_19_low,Fr16_12,7.722,10.99,61.8,2.3,0.0372
R6,Fr17,FRA,19,low,19_low,FRA_19_low,Fr17_1,6.306,8.776,27.1,1.2,0.0443
R6,Fr17,FRA,19,low,19_low,FRA_19_low,Fr17_2,6.518,9.009,28.3,1.1,0.0389
R6,Fr17,FRA,19,low,19_low,FRA_19_low,Fr17_3,6.505,9.801,37.5,1.8,0.0480
R6,Fr17,FRA,19,low,19_low,FRA_19_low,Fr17_4,5.874,10.491,46.9,1.8,0.0384
R6,Fr17,FRA,19,low,19_low,FRA_19_low,Fr17_5,5.03,9.107,28.4,1.2,0.0423
R6,Fr17,FRA,19,low,19_low,FRA_19_low,Fr17_6,5.57,9.982,41.4,1.8,0.0435
R6,Fr17,FRA,19,low,19_low,FRA_19_low,Fr17_7,6.227,9.042,27.4,1.1,0.0401
R6,Fr17,FRA,19,low,19_low,FRA_19_low,Fr17_8,5.339,9.437,30.7,1.4,0.0456
R6,Fr17,FRA,19,low,19_low,FRA_19_low,Fr17_9,6.037,9.953,37,1.6,0.0432
R6,Fr17,FRA,19,low,19_low,FRA_19_low,Fr17_10,6.576,10.91,58.2,2.6,0.0447
R6,Fr17,FRA,19,low,19_low,FRA_19_low,Fr17_11,5.322,8.527,22.1,0.9,0.0407
R6,Fr17,FRA,19,low,19_low,FRA_19_low,Fr17_12,5.321,9.722,34.5,1.3,0.0377
R6,Fr18,FRA,19,low,19_low,FRA_19_low,Fr18_2,7.294,10.572,49.3,2,0.0406
R6,Fr18,FRA,19,low,19_low,FRA_19_low,Fr18_3,6.25,8.347,23.5,1,0.0426
R6,Fr18,FRA,19,low,19_low,FRA_19_low,Fr18_4,6.237,10.33,38.1,1.8,0.0472
R6,Fr18,FRA,19,low,19_low,FRA_19_low,Fr18_5,6.973,10.532,44.9,2.2,0.0490
R6,Fr18,FRA,19,low,19_low,FRA_19_low,Fr18_6,4.658,8.466,24.1,1.1,0.0456
R6,Fr18,FRA,19,low,19_low,FRA_19_low,Fr18_7,6.134,10.713,45.7,1.6,0.0350
R6,Fr18,FRA,19,low,19_low,FRA_19_low,Fr18_9,5.845,8.868,27.5,1.1,0.0400
R6,Fr18,FRA,19,low,19_low,FRA_19_low,Fr18_10,5.818,9.342,32.6,1.3,0.0399
R6,Fr18,FRA,19,low,19_low,FRA_19_low,Fr18_11,4.714,8.834,25.2,1,0.0397
R6,Fr18,FRA,19,low,19_low,FRA_19_low,Fr18_A,6.319,8.653,24.2,1,0.0413
R6,Fr18,FRA,19,low,19_low,FRA_19_low,Fr18_B,6.554,10.293,43.4,1.9,0.0438
R6,Fr18,FRA,19,low,19_low,FRA_19_low,Fr18_C,6.318,8.504,26.4,0.9,0.0341
R6,Fr18,FRA,19,low,19_low,FRA_19_low,Fr18_D,6.012,8.474,22.5,0.8,0.0356
R6,Fr18,FRA,19,low,19_low,FRA_19_low,Fr18_E,5.891,9.459,29.3,0.9,0.0307
R1,No01,NOR,13,ctrl,13_ctrl,NOR_13_ctrl,No01_1,9.834,10.89,45.4,2,0.0441
R1,No01,NOR,13,ctrl,13_ctrl,NOR_13_ctrl,No01_2,11.549,12.7,76.4,3.6,0.0471
R1,No01,NOR,13,ctrl,13_ctrl,NOR_13_ctrl,No01_3,8.046,9.556,31.8,1.6,0.0503
R1,No01,NOR,13,ctrl,13_ctrl,NOR_13_ctrl,No01_4,9.125,10.316,41.2,2.2,0.0534
R1,No01,NOR,13,ctrl,13_ctrl,NOR_13_ctrl,No01_5,14.147,14.888,59.5,2.7,0.0454
R1,No01,NOR,13,ctrl,13_ctrl,NOR_13_ctrl,No01_6,11.065,12.19,58.1,2.5,0.0430
R1,No01,NOR,13,ctrl,13_ctrl,NOR_13_ctrl,No01_7,6.102,8.988,23.1,1.1,0.0476
R1,No01,NOR,13,ctrl,13_ctrl,NOR_13_ctrl,No01_8,9.12,11.993,71,3.2,0.0451
R1,No01,NOR,13,ctrl,13_ctrl,NOR_13_ctrl,No01_10,6.456,9.295,30.3,1.6,0.0528
R1,No01,NOR,13,ctrl,13_ctrl,NOR_13_ctrl,No01_12,8.4,9.327,31.7,1.5,0.0473
R1,No02,NOR,13,ctrl,13_ctrl,NOR_13_ctrl,No02_1,8.665,10.006,37.7,2.1,0.0557
R1,No02,NOR,13,ctrl,13_ctrl,NOR_13_ctrl,No02_2,9.467,10.82,43.8,2.3,0.0525
R1,No02,NOR,13,ctrl,13_ctrl,NOR_13_ctrl,No02_3,9.451,10.353,41.2,1.7,0.0413
R1,No02,NOR,13,ctrl,13_ctrl,NOR_13_ctrl,No02_4,8.469,10.427,36.9,1.8,0.0488
R1,No02,NOR,13,ctrl,13_ctrl,NOR_13_ctrl,No02_5,9.965,10.667,42.1,1.6,0.0380
R1,No02,NOR,13,ctrl,13_ctrl,NOR_13_ctrl,No02_6,10.558,11.371,58.1,2.9,0.0499
R1,No02,NOR,13,ctrl,13_ctrl,NOR_13_ctrl,No02_7,8.031,9.374,27.5,1.1,0.0400
R1,No02,NOR,13,ctrl,13_ctrl,NOR_13_ctrl,No02_8,8.201,9.861,31.9,1.5,0.0470
R1,No02,NOR,13,ctrl,13_ctrl,NOR_13_ctrl,No02_9,11.751,12.455,80.6,3.6,0.0447
R1,No02,NOR,13,ctrl,13_ctrl,NOR_13_ctrl,No02_10,11.159,12.408,79.3,3.5,0.0441
R1,No02,NOR,13,ctrl,13_ctrl,NOR_13_ctrl,No02_11,10.751,11.753,61.1,2.4,0.0393
R1,No02,NOR,13,ctrl,13_ctrl,NOR_13_ctrl,No02_12,11.975,13.23,85.6,4.1,0.0479
R1,No03,NOR,13,ctrl,13_ctrl,NOR_13_ctrl,No03_3,10.335,11.973,51.1,2.4,0.0470
R1,No03,NOR,13,ctrl,13_ctrl,NOR_13_ctrl,No03_4,10.438,10.907,49,2.3,0.0469
R1,No03,NOR,13,ctrl,13_ctrl,NOR_13_ctrl,No03_5,9.328,10.07,41,1.4,0.0341
R1,No03,NOR,13,ctrl,13_ctrl,NOR_13_ctrl,No03_7,11.275,11.975,59.4,2.7,0.0455
R1,No03,NOR,13,ctrl,13_ctrl,NOR_13_ctrl,No03_8,11.249,12.41,74,3.4,0.0459
R1,No03,NOR,13,ctrl,13_ctrl,NOR_13_ctrl,No03_12,10.388,11.34,53.8,2.2,0.0409
R2,No04,NOR,13,low,13_low,NOR_13_low,No04_2,10.735,12.64,69.1,3.9,0.0564
R2,No04,NOR,13,low,13_low,NOR_13_low,No04_4,10.838,12.591,62.1,3.1,0.0499
R2,No04,NOR,13,low,13_low,NOR_13_low,No04_6,11.409,12.387,73.6,3.2,0.0435
R2,No04,NOR,13,low,13_low,NOR_13_low,No04_9,8.894,11.277,53.7,2.9,0.0540
R2,No04,NOR,13,low,13_low,NOR_13_low,No04_10,11.373,11.987,63.7,3.1,0.0487
R2,No05,NOR,13,low,13_low,NOR_13_low,No05_1,10.922,11.732,71.1,3.5,0.0492
R2,No05,NOR,13,low,13_low,NOR_13_low,No05_2,10.896,12.606,70.2,3.4,0.0484
R2,No05,NOR,13,low,13_low,NOR_13_low,No05_3,8.788,9.56,34.9,1.2,0.0344
R2,No05,NOR,13,low,13_low,NOR_13_low,No05_5,7.651,9.518,29.9,1.5,0.0502
R2,No05,NOR,13,low,13_low,NOR_13_low,No05_6,9.447,11.886,59.4,3.2,0.0539
R2,No05,NOR,13,low,13_low,NOR_13_low,No05_7,10.079,10.576,50.3,2,0.0398
R2,No05,NOR,13,low,13_low,NOR_13_low,No05_9,10.706,11.516,58.3,3.2,0.0549
R2,No05,NOR,13,low,13_low,NOR_13_low,No05_10,10.168,12.187,71.9,3.6,0.0501
R2,No05,NOR,13,low,13_low,NOR_13_low,No05_11,9.163,11.581,48.7,2.9,0.0595
R2,No05,NOR,13,low,13_low,NOR_13_low,No05_12,8.73,11.505,58.8,3.3,0.0561
R2,No06,NOR,13,low,13_low,NOR_13_low,No06_2,9.795,11.156,52.3,2.1,0.0402
R2,No06,NOR,13,low,13_low,NOR_13_low,No06_3,9.772,10.24,40.7,1.8,0.0442
R2,No06,NOR,13,low,13_low,NOR_13_low,No06_4,10.547,11.345,54.6,2.5,0.0458
R2,No06,NOR,13,low,13_low,NOR_13_low,No06_5,9.853,10.397,50.8,2.1,0.0413
R2,No06,NOR,13,low,13_low,NOR_13_low,No06_8,11.178,12.363,69.1,3.5,0.0507
R2,No06,NOR,13,low,13_low,NOR_13_low,No06_9,8.78,10.254,35.4,1.7,0.0480
R2,No06,NOR,13,low,13_low,NOR_13_low,No06_11,11.785,13.182,81.7,3.8,0.0465
R2,No06,NOR,13,low,13_low,NOR_13_low,No06_12,11.251,13.162,91,4.6,0.0505
R3,No07,NOR,16,ctrl,16_ctrl,NOR_16_ctrl,No07_1,10.162,12.162,57.8,2.8,0.0484
R3,No07,NOR,16,ctrl,16_ctrl,NOR_16_ctrl,No07_2,8.377,9.438,31.1,1.2,0.0386
R3,No07,NOR,16,ctrl,16_ctrl,NOR_16_ctrl,No07_5,8.96,10.466,47.8,1.4,0.0293
R3,No07,NOR,16,ctrl,16_ctrl,NOR_16_ctrl,No07_6,10.355,11.782,62.6,2.6,0.0415
R3,No07,NOR,16,ctrl,16_ctrl,NOR_16_ctrl,No07_7,9.574,10.416,35.9,1.6,0.0446
R3,No07,NOR,16,ctrl,16_ctrl,NOR_16_ctrl,No07_8,10.007,10.906,47.2,2,0.0424
R3,No07,NOR,16,ctrl,16_ctrl,NOR_16_ctrl,No07_9,10.02,11.992,61.7,2.9,0.0470
R3,No07,NOR,16,ctrl,16_ctrl,NOR_16_ctrl,No07_11,9.407,11.421,65.5,2,0.0305
R3,No08,NOR,16,ctrl,16_ctrl,NOR_16_ctrl,No08_1,8.602,9.679,31.4,1.5,0.0478
R3,No08,NOR,16,ctrl,16_ctrl,NOR_16_ctrl,No08_2,8.929,9.923,33.2,1,0.0301
R3,No08,NOR,16,ctrl,16_ctrl,NOR_16_ctrl,No08_3,8.034,10.82,39.8,2.2,0.0553
R3,No08,NOR,16,ctrl,16_ctrl,NOR_16_ctrl,No08_4,12.067,13.253,103.9,4.6,0.0443
R3,No08,NOR,16,ctrl,16_ctrl,NOR_16_ctrl,No08_5,8.552,11.348,49.7,2.4,0.0483
R3,No08,NOR,16,ctrl,16_ctrl,NOR_16_ctrl,No08_6,9.999,11.287,65.3,2.4,0.0368
R3,No08,NOR,16,ctrl,16_ctrl,NOR_16_ctrl,No08_7,12.316,13.324,94.3,4.1,0.0435
R3,No08,NOR,16,ctrl,16_ctrl,NOR_16_ctrl,No08_8,11.105,12.56,84.3,3.1,0.0368
R3,No08,NOR,16,ctrl,16_ctrl,NOR_16_ctrl,No08_9,9.819,11.607,59.7,3,0.0503
R3,No08,NOR,16,ctrl,16_ctrl,NOR_16_ctrl,No08_10,10.674,12.84,86,4.1,0.0477
R3,No08,NOR,16,ctrl,16_ctrl,NOR_16_ctrl,No08_11,11.73,13.18,85.5,3.8,0.0444
R3,No08,NOR,16,ctrl,16_ctrl,NOR_16_ctrl,No08_12,11.506,13.391,101.7,4.8,0.0472
R3,No09,NOR,16,ctrl,16_ctrl,NOR_16_ctrl,No09_2,9.717,11.394,55.4,2.4,0.0433
R3,No09,NOR,16,ctrl,16_ctrl,NOR_16_ctrl,No09_4,12.18,12.699,76.7,3.3,0.0430
R3,No09,NOR,16,ctrl,16_ctrl,NOR_16_ctrl,No09_9,9.585,11.337,57.8,2.6,0.0450
R3,No09,NOR,16,ctrl,16_ctrl,NOR_16_ctrl,No09_10,8.898,11.548,54.3,2.7,0.0497
R3,No09,NOR,16,ctrl,16_ctrl,NOR_16_ctrl,No09_11,9.087,10.027,34.4,1.3,0.0378
R4,No10,NOR,16,low,16_low,NOR_16_low,No10_3,10.143,10.536,53.8,2.3,0.0428
R4,No10,NOR,16,low,16_low,NOR_16_low,No10_4,11.421,12.116,67.8,3.2,0.0472
R4,No10,NOR,16,low,16_low,NOR_16_low,No10_8,7.697,11.656,51.1,2.7,0.0528
R4,No10,NOR,16,low,16_low,NOR_16_low,No10_10,10.494,12.617,81.5,4.2,0.0515
R4,No10,NOR,16,low,16_low,NOR_16_low,No10_11,9.138,11.07,43.8,2.1,0.0479
R4,No10,NOR,16,low,16_low,NOR_16_low,No10_12,10.801,12.899,81.6,4.3,0.0527
R4,No11,NOR,16,low,16_low,NOR_16_low,No11_1,8.251,9.93,34,1.7,0.0500
R4,No11,NOR,16,low,16_low,NOR_16_low,No11_3,11.777,12.581,76,3.4,0.0447
R4,No11,NOR,16,low,16_low,NOR_16_low,No11_6,10.203,11.148,49.9,1.8,0.0361
R4,No11,NOR,16,low,16_low,NOR_16_low,No11_7,7.006,7.816,15.3,0.5,0.0327
R4,No11,NOR,16,low,16_low,NOR_16_low,No11_8,9.503,10.28,47.3,1,0.0211
R4,No11,NOR,16,low,16_low,NOR_16_low,No11_9,11.005,12.601,77.8,3.4,0.0437
R4,No11,NOR,16,low,16_low,NOR_16_low,No11_10,11.267,12.572,73.2,3.8,0.0519
R4,No11,NOR,16,low,16_low,NOR_16_low,No11_11,8.606,9.222,30.3,2,0.0660
R4,No11,NOR,16,low,16_low,NOR_16_low,No11_12,9.862,10.352,41.5,2.8,0.0675
R4,No12,NOR,16,low,16_low,NOR_16_low,No12_2,9.848,11.643,56.8,2.9,0.0511
R4,No12,NOR,16,low,16_low,NOR_16_low,No12_4,9.47,10.71,43.7,1.6,0.0366
R4,No12,NOR,16,low,16_low,NOR_16_low,No12_5,9.35,11.116,54.7,1.9,0.0347
R4,No12,NOR,16,low,16_low,NOR_16_low,No12_6,9.045,9.773,40.3,1.2,0.0298
R4,No12,NOR,16,low,16_low,NOR_16_low,No12_10,8.141,9.098,26.9,0.9,0.0335
R5,No13,NOR,19,ctrl,19_ctrl,NOR_19_ctrl,No13_1,9.323,11.29,53.6,2.3,0.0429
R5,No13,NOR,19,ctrl,19_ctrl,NOR_19_ctrl,No13_2,9.515,10.684,40.4,2,0.0495
R5,No13,NOR,19,ctrl,19_ctrl,NOR_19_ctrl,No13_3,10.038,11.063,49.6,1.9,0.0383
R5,No13,NOR,19,ctrl,19_ctrl,NOR_19_ctrl,No13_4,9.162,11.779,52.9,2.3,0.0435
R5,No13,NOR,19,ctrl,19_ctrl,NOR_19_ctrl,No13_5,10.319,11.849,62.5,2.5,0.0400
R5,No13,NOR,19,ctrl,19_ctrl,NOR_19_ctrl,No13_6,10.442,11.834,62.1,2.7,0.0435
R5,No13,NOR,19,ctrl,19_ctrl,NOR_19_ctrl,No13_7,10.656,11.817,57.8,2.6,0.0450
R5,No13,NOR,19,ctrl,19_ctrl,NOR_19_ctrl,No13_8,8.066,11.903,67.7,2.9,0.0428
R5,No13,NOR,19,ctrl,19_ctrl,NOR_19_ctrl,No13_9,11.875,12.381,78,2.8,0.0359
R5,No13,NOR,19,ctrl,19_ctrl,NOR_19_ctrl,No13_10,9.759,12.262,71.1,3.3,0.0464
R5,No13,NOR,19,ctrl,19_ctrl,NOR_19_ctrl,No13_11,8.004,9.597,33.9,1.4,0.0413
R5,No14,NOR,19,ctrl,19_ctrl,NOR_19_ctrl,No14_1,9.687,10.889,48.2,1.6,0.0332
R5,No14,NOR,19,ctrl,19_ctrl,NOR_19_ctrl,No14_4,11.173,11.612,57.1,2.2,0.0385
R5,No14,NOR,19,ctrl,19_ctrl,NOR_19_ctrl,No14_5,12.955,13.374,86.5,3.2,0.0370
R5,No14,NOR,19,ctrl,19_ctrl,NOR_19_ctrl,No14_6,9.341,10.273,39.8,1.5,0.0377
R5,No14,NOR,19,ctrl,19_ctrl,NOR_19_ctrl,No14_8,11.284,12.765,86.6,2.3,0.0266
R5,No14,NOR,19,ctrl,19_ctrl,NOR_19_ctrl,No14_9,12.197,12.393,77.4,1.2,0.0155
R5,No14,NOR,19,ctrl,19_ctrl,NOR_19_ctrl,No14_11,11.879,12.996,84.7,3.9,0.0460
R5,No14,NOR,19,ctrl,19_ctrl,NOR_19_ctrl,No14_12,11.684,13.97,100.2,5.1,0.0509
R5,No15,NOR,19,ctrl,19_ctrl,NOR_19_ctrl,No15_5,8.593,9.723,31.1,1.3,0.0418
R5,No15,NOR,19,ctrl,19_ctrl,NOR_19_ctrl,No15_7,7.187,10.182,38.7,2.1,0.0543
R5,No15,NOR,19,ctrl,19_ctrl,NOR_19_ctrl,No15_8,10.633,10.96,49.6,2.2,0.0444
R5,No15,NOR,19,ctrl,19_ctrl,NOR_19_ctrl,No15_10,9.458,12.109,62.9,2.8,0.0445
R5,No15,NOR,19,ctrl,19_ctrl,NOR_19_ctrl,No15_11,9.531,11.69,63.1,3.2,0.0507
R5,No15,NOR,19,ctrl,19_ctrl,NOR_19_ctrl,No15_12,9.636,12.753,88,4.3,0.0489
R6,No16,NOR,19,low,19_low,NOR_19_low,No16_1,8.171,9.788,35,1.3,0.0371
R6,No16,NOR,19,low,19_low,NOR_19_low,No16_2,9.235,9.714,33.1,1.3,0.0393
R6,No16,NOR,19,low,19_low,NOR_19_low,No16_3,9.2,10.096,38.6,0.9,0.0233
R6,No16,NOR,19,low,19_low,NOR_19_low,No16_4,9.772,10.759,48.9,2.4,0.0491
R6,No16,NOR,19,low,19_low,NOR_19_low,No16_6,8.313,11.318,50.3,1.4,0.0278
R6,No16,NOR,19,low,19_low,NOR_19_low,No16_7,10.109,11.19,48.3,2.2,0.0455
R6,No16,NOR,19,low,19_low,NOR_19_low,No16_8,9.977,10.458,43.4,1.4,0.0323
R6,No16,NOR,19,low,19_low,NOR_19_low,No16_9,11.778,12.599,69.2,3.2,0.0462
R6,No16,NOR,19,low,19_low,NOR_19_low,No16_10,12.769,13.458,109.9,4,0.0364
R6,No16,NOR,19,low,19_low,NOR_19_low,No16_11,11.677,11.933,69.2,1.8,0.0260
R6,No16,NOR,19,low,19_low,NOR_19_low,No16_12,10.548,11.942,64.7,2.7,0.0417
R6,No17,NOR,19,low,19_low,NOR_19_low,No17_2,9.904,9.926,39,1.6,0.0410
R6,No17,NOR,19,low,19_low,NOR_19_low,No17_3,10.024,10.369,43.3,1.5,0.0346
R6,No17,NOR,19,low,19_low,NOR_19_low,No17_5,9.756,10.854,42,1.9,0.0452
R6,No17,NOR,19,low,19_low,NOR_19_low,No17_6,10.005,11.555,54,2.2,0.0407
R6,No17,NOR,19,low,19_low,NOR_19_low,No17_7,10.658,10.896,56.2,2,0.0356
R6,No17,NOR,19,low,19_low,NOR_19_low,No17_8,11.276,12.455,67.7,3.2,0.0473
R6,No17,NOR,19,low,19_low,NOR_19_low,No17_9,7.925,8.442,23,0.4,0.0174
R6,No17,NOR,19,low,19_low,NOR_19_low,No17_10,9.76,10.507,41.2,1.6,0.0388
R6,No17,NOR,19,low,19_low,NOR_19_low,No17_11,11.991,12.513,71.7,3.3,0.0460
R6,No17,NOR,19,low,19_low,NOR_19_low,No17_12,10.853,12.523,75.6,3.8,0.0503
R6,No18,NOR,19,low,19_low,NOR_19_low,No18_1,10.146,10.603,45.9,2.1,0.0458
R6,No18,NOR,19,low,19_low,NOR_19_low,No18_2,13.037,13.098,97,3.8,0.0392
R6,No18,NOR,19,low,19_low,NOR_19_low,No18_3,8.536,8.72,25,0.3,0.0120
R6,No18,NOR,19,low,19_low,NOR_19_low,No18_4,9.579,10.67,44,2,0.0455
R6,No18,NOR,19,low,19_low,NOR_19_low,No18_5,9.793,10.989,52.8,2.5,0.0473
R6,No18,NOR,19,low,19_low,NOR_19_low,No18_6,11.34,12.672,76.4,3.1,0.0406
R6,No18,NOR,19,low,19_low,NOR_19_low,No18_7,10.55,11.16,54.9,2.3,0.0419
R6,No18,NOR,19,low,19_low,NOR_19_low,No18_8,11.887,12.305,79.5,2.8,0.0352
R6,No18,NOR,19,low,19_low,NOR_19_low,No18_9,6.954,8.427,29.1,1.6,0.0550
R6,No18,NOR,19,low,19_low,NOR_19_low,No18_10,8.517,10.019,40.6,0.8,0.0197
R6,No18,NOR,19,low,19_low,NOR_19_low,No18_11,8.863,10.086,43.6,1.4,0.0321
R6,No18,NOR,19,low,19_low,NOR_19_low,No18_12,9.484,10.003,42,1.4,0.0333
R1,No01,NOR,13,ctrl,13_ctrl,NOR_13_ctrl,No01_A,12.956,14.371,101.7,4.9,0.0482
R1,No01,NOR,13,ctrl,13_ctrl,NOR_13_ctrl,No01_B,12.718,15.405,149.1,6.7,0.0449
R1,No01,NOR,13,ctrl,13_ctrl,NOR_13_ctrl,No01_C,12.132,13.702,95.3,4.5,0.0472
R1,No01,NOR,13,ctrl,13_ctrl,NOR_13_ctrl,No01_D,10.957,13.342,92.7,4.4,0.0475
R1,No03,NOR,13,ctrl,13_ctrl,NOR_13_ctrl,No03_B,11.637,12.594,74.4,3.1,0.0417
R1,No03,NOR,13,ctrl,13_ctrl,NOR_13_ctrl,No03_C,7.493,8.685,23,1,0.0435
R1,No03,NOR,13,ctrl,13_ctrl,NOR_13_ctrl,No03_E,12.889,15.016,79.6,5.3,0.0666
R2,No04,NOR,13,low,13_low,NOR_13_low,No04_B,13.017,15.026,144.2,6.9,0.0479
R2,No04,NOR,13,low,13_low,NOR_13_low,No04_G,12.336,14.473,127.7,6.2,0.0486
R2,No04,NOR,13,low,13_low,NOR_13_low,No04_H,13.213,15.555,136.2,7,0.0514
R2,No05,NOR,13,low,13_low,NOR_13_low,No05_A,14.307,16.716,211.8,9.4,0.0444
R2,No05,NOR,13,low,13_low,NOR_13_low,No05_B,12.656,14.451,108.8,4.5,0.0414
R2,No05,NOR,13,low,13_low,NOR_13_low,No05_C,13.576,15.469,163.5,6.9,0.0422
R2,No05,NOR,13,low,13_low,NOR_13_low,No05_D,12.486,16.065,179.4,8.8,0.0491
R2,No06,NOR,13,low,13_low,NOR_13_low,No06_A,12.173,13.859,111.7,5.2,0.0466
R2,No06,NOR,13,low,13_low,NOR_13_low,No06_B,12.564,13.856,117.5,5,0.0426
R2,No06,NOR,13,low,13_low,NOR_13_low,No06_C,12.115,14.144,117.6,5.5,0.0468
R2,No06,NOR,13,low,13_low,NOR_13_low,No06_D,6.794,8.562,21.4,0.8,0.0374
R2,No06,NOR,13,low,13_low,NOR_13_low,No06_E,8.943,9.81,31.8,1.3,0.0409
R3,No07,NOR,16,ctrl,16_ctrl,NOR_16_ctrl,No07_B,14.712,15.766,168.8,6.2,0.0367
R3,No07,NOR,16,ctrl,16_ctrl,NOR_16_ctrl,No07_C,11.424,13.533,81,3.9,0.0481
R3,No07,NOR,16,ctrl,16_ctrl,NOR_16_ctrl,No07_D,12.806,14.412,117.9,5.4,0.0458
R3,No07,NOR,16,ctrl,16_ctrl,NOR_16_ctrl,No07_F,12.274,14.45,120.7,5.5,0.0456
R3,No09,NOR,16,ctrl,16_ctrl,NOR_16_ctrl,No09_A,11.936,14.412,115.2,4.6,0.0399
R3,No09,NOR,16,ctrl,16_ctrl,NOR_16_ctrl,No09_B,13.902,15.393,162.1,7.8,0.0481
R3,No09,NOR,16,ctrl,16_ctrl,NOR_16_ctrl,No09_D,13.786,15.674,165.7,7.8,0.0471
R3,No09,NOR,16,ctrl,16_ctrl,NOR_16_ctrl,No09_G,10.639,13.225,82.1,4,0.0487
R3,No09,NOR,16,ctrl,16_ctrl,NOR_16_ctrl,No09_H,13.5,15.664,154.6,7.6,0.0492
R4,No10,NOR,16,low,16_low,NOR_16_low,No10_A,9.255,9.849,38.6,1.5,0.0389
R4,No10,NOR,16,low,16_low,NOR_16_low,No10_B,11.132,14.169,95,4.7,0.0495
R4,No10,NOR,16,low,16_low,NOR_16_low,No10_C,9.054,10.904,48.2,2.3,0.0477
R4,No10,NOR,16,low,16_low,NOR_16_low,No10_D,8.84,10.245,33.7,1.2,0.0356
R4,No10,NOR,16,low,16_low,NOR_16_low,No10_E,13.274,13.88,115.9,4.9,0.0423
R4,No10,NOR,16,low,16_low,NOR_16_low,No10_F,12.838,14.635,120.6,5.2,0.0431
R4,No10,NOR,16,low,16_low,NOR_16_low,No10_G,10.789,12.931,75.8,3.7,0.0488
R4,No10,NOR,16,low,16_low,NOR_16_low,No10_H,12.397,14.504,115.8,5.3,0.0458
R4,No11,NOR,16,low,16_low,NOR_16_low,No11_B,13.17,14.866,126.2,6,0.0475
R4,No11,NOR,16,low,16_low,NOR_16_low,No11_C,14.684,16.648,203.4,7.1,0.0349
R4,No11,NOR,16,low,16_low,NOR_16_low,No11_D,15.903,17.029,230.3,10,0.0434
R4,No11,NOR,16,low,16_low,NOR_16_low,No11_E,16.072,18.797,325.5,15.2,0.0467
R4,No12,NOR,16,low,16_low,NOR_16_low,No12_B,10.726,11.375,62.1,2.3,0.0370
R4,No12,NOR,16,low,16_low,NOR_16_low,No12_C,11.919,12.812,73.6,3.8,0.0516
R4,No12,NOR,16,low,16_low,NOR_16_low,No12_E,8.175,9.312,26,1.2,0.0462
R4,No12,NOR,16,low,16_low,NOR_16_low,No12_F,6.533,7.451,15,0.8,0.0533
R4,No12,NOR,16,low,16_low,NOR_16_low,No12_G,12.136,13.462,94.7,3.3,0.0348
R4,No12,NOR,16,low,16_low,NOR_16_low,No12_H,12.787,14.649,124.3,5.6,0.0451
R4,No12,NOR,16,low,16_low,NOR_16_low,No12_I,14.679,16.601,207.4,8.1,0.0391
R5,No13,NOR,19,ctrl,19_ctrl,NOR_19_ctrl,No13_B,13.679,14.886,129.3,5,0.0387
R5,No13,NOR,19,ctrl,19_ctrl,NOR_19_ctrl,No13_C,13.005,14.937,135.4,6.2,0.0458
R5,No14,NOR,19,ctrl,19_ctrl,NOR_19_ctrl,No14_B,8.275,9.192,25.7,1.3,0.0506
R5,No14,NOR,19,ctrl,19_ctrl,NOR_19_ctrl,No14_D,12.806,13.557,109.5,4.7,0.0429
R5,No14,NOR,19,ctrl,19_ctrl,NOR_19_ctrl,No14_E,13.44,15.088,144.8,6.5,0.0449
R5,No14,NOR,19,ctrl,19_ctrl,NOR_19_ctrl,No14_F,14.731,17.279,214.2,10.1,0.0472
R5,No15,NOR,19,ctrl,19_ctrl,NOR_19_ctrl,No15_A,8.166,10.219,37.5,1.4,0.0373
R5,No15,NOR,19,ctrl,19_ctrl,NOR_19_ctrl,No15_B,11.363,12.659,78,3.5,0.0449
R5,No15,NOR,19,ctrl,19_ctrl,NOR_19_ctrl,No15_C,11.435,13.551,89.1,3.3,0.0370
R5,No15,NOR,19,ctrl,19_ctrl,NOR_19_ctrl,No15_D,7.063,7.731,18,0.6,0.0333
R5,No15,NOR,19,ctrl,19_ctrl,NOR_19_ctrl,No15_E,8.922,12.759,71.7,3.1,0.0432
R5,No15,NOR,19,ctrl,19_ctrl,NOR_19_ctrl,No15_F,11.121,13.351,82.9,3.7,0.0446
R5,No15,NOR,19,ctrl,19_ctrl,NOR_19_ctrl,No15_G,12.241,14.076,112.9,4.7,0.0416
R6,No16,NOR,19,low,19_low,NOR_19_low,No16_A,9.975,12.51,70.7,3.2,0.0453
R6,No16,NOR,19,low,19_low,NOR_19_low,No16_B,14.087,16.153,192.1,6.7,0.0349
R6,No16,NOR,19,low,19_low,NOR_19_low,No16_C,12.037,14.081,118.8,5.1,0.0429
R6,No16,NOR,19,low,19_low,NOR_19_low,No16_D,14.267,16.314,192.8,8.1,0.0420
R6,No17,NOR,19,low,19_low,NOR_19_low,No17_A,14.444,15.822,172.7,6.5,0.0376
R6,No17,NOR,19,low,19_low,NOR_19_low,No17_B,13.888,14.694,143.2,5.8,0.0405
R6,No17,NOR,19,low,19_low,NOR_19_low,No17_D,14.017,15.458,157.7,6.1,0.0387
